{"data_time": 0.00434096649996718, "eta_seconds": 99.85930682000799, "fast_rcnn/cls_accuracy": 0.48046875, "fast_rcnn/false_negative": 0.8975, "fast_rcnn/fg_cls_accuracy": 0.10250000000000001, "iteration": 19, "loss_box_reg": 0.6630910933017731, "loss_cls": 0.7249738872051239, "loss_mask": 0.6880131959915161, "loss_rpn_cls": 0.025973767042160034, "loss_rpn_loc": 0.007919535273686051, "lr": 1.60675e-05, "mask_rcnn/accuracy": 0.8588078655498481, "mask_rcnn/false_negative": 0.07168364718548845, "mask_rcnn/false_positive": 0.1501372374747185, "rank_data_time": 0.00434096649996718, "roi_head/num_bg_samples": 103.5, "roi_head/num_fg_samples": 24.5, "rpn/num_neg_anchors": 246.25, "rpn/num_pos_anchors": 9.75, "time": 0.3566403815000285, "total_loss": 2.1678951284848154}
{"data_time": 0.004380998499982525, "eta_seconds": 97.59592668001005, "fast_rcnn/cls_accuracy": 0.48828125, "fast_rcnn/false_negative": 0.28019323671497587, "fast_rcnn/fg_cls_accuracy": 0.7198067632850241, "iteration": 19, "loss_box_reg": 0.6509988307952881, "loss_cls": 0.7156740128993988, "loss_mask": 0.6870708167552948, "loss_rpn_cls": 0.030291381292045116, "loss_rpn_loc": 0.007326176622882485, "lr": 1.60675e-05, "mask_rcnn/accuracy": 0.7060804458870813, "mask_rcnn/false_negative": 0.0018123450229319952, "mask_rcnn/false_positive": 0.8029193845331462, "rank_data_time": 0.004380998499982525, "roi_head/num_bg_samples": 103.75, "roi_head/num_fg_samples": 24.25, "rpn/num_neg_anchors": 246.25, "rpn/num_pos_anchors": 9.75, "time": 0.3485568810000359, "total_loss": 2.152726454194635}
{"data_time": 0.0044010670000034224, "eta_seconds": 86.48394910998832, "fast_rcnn/cls_accuracy": 0.755859375, "fast_rcnn/false_negative": 0.6371527777777778, "fast_rcnn/fg_cls_accuracy": 0.3628472222222222, "iteration": 39, "loss_box_reg": 0.6122730076313019, "loss_cls": 0.5915481448173523, "loss_mask": 0.597913533449173, "loss_rpn_cls": 0.04395073466002941, "loss_rpn_loc": 0.006903180852532387, "lr": 3.2717500000000007e-05, "mask_rcnn/accuracy": 0.8791690287226002, "mask_rcnn/false_negative": 0.000355402182482744, "mask_rcnn/false_positive": 0.36453792588437944, "rank_data_time": 0.0044010670000034224, "roi_head/num_bg_samples": 105.0, "roi_head/num_fg_samples": 23.0, "rpn/num_neg_anchors": 244.0, "rpn/num_pos_anchors": 12.0, "time": 0.3218782915000702, "total_loss": 1.8850063596619293}
{"data_time": 0.00478982149991225, "eta_seconds": 78.97700651999912, "fast_rcnn/cls_accuracy": 0.849609375, "fast_rcnn/false_negative": 0.8599200581395349, "fast_rcnn/fg_cls_accuracy": 0.14007994186046513, "iteration": 59, "loss_box_reg": 0.6103648543357849, "loss_cls": 0.4611048847436905, "loss_mask": 0.4929909110069275, "loss_rpn_cls": 0.025042439810931683, "loss_rpn_loc": 0.00826841639354825, "lr": 4.93675e-05, "mask_rcnn/accuracy": 0.8738577772378793, "mask_rcnn/false_negative": 0.0005609474946712037, "mask_rcnn/false_positive": 0.3276190839368541, "rank_data_time": 0.00478982149991225, "roi_head/num_bg_samples": 106.0, "roi_head/num_fg_samples": 22.0, "rpn/num_neg_anchors": 244.5, "rpn/num_pos_anchors": 11.5, "time": 0.31442212799993285, "total_loss": 1.545422225492075}
{"data_time": 0.005075921500065306, "eta_seconds": 72.72275967000269, "fast_rcnn/cls_accuracy": 0.8359375, "fast_rcnn/false_negative": 0.8722826086956521, "fast_rcnn/fg_cls_accuracy": 0.12771739130434784, "iteration": 79, "loss_box_reg": 0.6678267121315002, "loss_cls": 0.3456626385450363, "loss_mask": 0.3402484357357025, "loss_rpn_cls": 0.023377426899969578, "loss_rpn_loc": 0.0035390560515224934, "lr": 6.60175e-05, "mask_rcnn/accuracy": 0.937152133580705, "mask_rcnn/false_negative": 0.0009197575345402754, "mask_rcnn/false_positive": 0.200720507677825, "rank_data_time": 0.005075921500065306, "roi_head/num_bg_samples": 103.25, "roi_head/num_fg_samples": 24.75, "rpn/num_neg_anchors": 249.25, "rpn/num_pos_anchors": 6.75, "time": 0.3417332679999845, "total_loss": 1.4363164232345298}
{"data_time": 0.004580590500040671, "eta_seconds": 66.51721630000793, "fast_rcnn/cls_accuracy": 0.84765625, "fast_rcnn/false_negative": 0.6363636363636364, "fast_rcnn/fg_cls_accuracy": 0.36363636363636365, "iteration": 99, "loss_box_reg": 0.6637699007987976, "loss_cls": 0.2983350455760956, "loss_mask": 0.3254096806049347, "loss_rpn_cls": 0.02098939847201109, "loss_rpn_loc": 0.010993980802595615, "lr": 8.266750000000001e-05, "mask_rcnn/accuracy": 0.9165282206632652, "mask_rcnn/false_negative": 0.002010514902004545, "mask_rcnn/false_positive": 0.20956584160710023, "rank_data_time": 0.004580590500040671, "roi_head/num_bg_samples": 102.25, "roi_head/num_fg_samples": 25.75, "rpn/num_neg_anchors": 243.5, "rpn/num_pos_anchors": 12.5, "time": 0.3409561720000056, "total_loss": 1.3389479857869446}
{"data_time": 0.004627023000011832, "eta_seconds": 59.94193518001339, "fast_rcnn/cls_accuracy": 0.953125, "fast_rcnn/false_negative": 0.2109375, "fast_rcnn/fg_cls_accuracy": 0.7890625, "iteration": 119, "loss_box_reg": 0.614385575056076, "loss_cls": 0.22401955723762512, "loss_mask": 0.24616337567567825, "loss_rpn_cls": 0.02895285002887249, "loss_rpn_loc": 0.006784599041566253, "lr": 9.93175e-05, "mask_rcnn/accuracy": 0.9520549380466472, "mask_rcnn/false_negative": 0.0032759748524748707, "mask_rcnn/false_positive": 0.13650416830459344, "rank_data_time": 0.004627023000011832, "roi_head/num_bg_samples": 103.5, "roi_head/num_fg_samples": 24.5, "rpn/num_neg_anchors": 244.25, "rpn/num_pos_anchors": 11.75, "time": 0.33556970250003815, "total_loss": 1.0757895759306848}
{"data_time": 0.0047011840000550364, "eta_seconds": 53.13687055999253, "fast_rcnn/cls_accuracy": 0.96484375, "fast_rcnn/false_negative": 0.13394886363636363, "fast_rcnn/fg_cls_accuracy": 0.8660511363636363, "iteration": 139, "loss_box_reg": 0.5997352302074432, "loss_cls": 0.18233735114336014, "loss_mask": 0.18291320651769638, "loss_rpn_cls": 0.01614449732005596, "loss_rpn_loc": 0.004180300747975707, "lr": 0.0001159675, "mask_rcnn/accuracy": 0.9661879287718167, "mask_rcnn/false_negative": 0.005388172261357649, "mask_rcnn/false_positive": 0.08910378932179407, "rank_data_time": 0.0047011840000550364, "roi_head/num_bg_samples": 103.25, "roi_head/num_fg_samples": 24.75, "rpn/num_neg_anchors": 246.5, "rpn/num_pos_anchors": 9.5, "time": 0.31955654249998133, "total_loss": 1.0061322358233156}
{"data_time": 0.004606232499895668, "eta_seconds": 46.56205141000555, "fast_rcnn/cls_accuracy": 0.9609375, "fast_rcnn/false_negative": 0.09895833333333334, "fast_rcnn/fg_cls_accuracy": 0.9010416666666667, "iteration": 159, "loss_box_reg": 0.5223865807056427, "loss_cls": 0.16351363062858582, "loss_mask": 0.16335617005825043, "loss_rpn_cls": 0.015200278256088495, "loss_rpn_loc": 0.008403603918850422, "lr": 0.0001326175, "mask_rcnn/accuracy": 0.9617166442048517, "mask_rcnn/false_negative": 0.010653474955077229, "mask_rcnn/false_positive": 0.09323962732561454, "rank_data_time": 0.004606232499895668, "roi_head/num_bg_samples": 101.75, "roi_head/num_fg_samples": 26.25, "rpn/num_neg_anchors": 242.25, "rpn/num_pos_anchors": 13.75, "time": 0.34151902299993253, "total_loss": 0.8835645178332925}
{"data_time": 0.005491295499950866, "eta_seconds": 40.042783979997694, "fast_rcnn/cls_accuracy": 0.96875, "fast_rcnn/false_negative": 0.05982142857142857, "fast_rcnn/fg_cls_accuracy": 0.9401785714285714, "iteration": 179, "loss_box_reg": 0.41884925961494446, "loss_cls": 0.12298938632011414, "loss_mask": 0.13699563592672348, "loss_rpn_cls": 0.022297346964478493, "loss_rpn_loc": 0.008333972189575434, "lr": 0.0001492675, "mask_rcnn/accuracy": 0.968601350314562, "mask_rcnn/false_negative": 0.013272098882915815, "mask_rcnn/false_positive": 0.06840350609391167, "rank_data_time": 0.005491295499950866, "roi_head/num_bg_samples": 102.75, "roi_head/num_fg_samples": 25.25, "rpn/num_neg_anchors": 243.0, "rpn/num_pos_anchors": 13.0, "time": 0.3442086089999066, "total_loss": 0.7755524003878236}
{"data_time": 0.004631652499938355, "eta_seconds": 33.51940635000119, "fast_rcnn/cls_accuracy": 0.974609375,